"Namespace","Key","Spanish (es-ES, origen)","English (en, adaptacion)"
"TNRoomNames","Room_000","Tortugas al horno","Slow Roasted Shells"
"TNRoomNames","Room_001","Caparazón contento","Shell Yeah"
"TNRoomNames","Room_002","Tarde pero con estilo","Fashionably Late Turtles"
"TNRoomNames","Room_003","Lentos pero furiosos","Slow but Furious"
"TNRoomNames","Room_004","Sin prisa pero con pausa","Slow Motion Commotion"
"TNRoomNames","Room_005","La liebre se durmió","Hare Today Gone Tomorrow"
"TNRoomNames","Room_006","Calma y caparazón","Keep Calm and Carapace On"
"TNRoomNames","Room_007","Ganar por una cabeza","Win by a Neck"
"TNRoomNames","Room_008","Cabeza a cabeza","Neck and Neck"
"TNRoomNames","Room_009","Listos, preparados, siesta","Ready Steady Nap"
"TNRoomNames","Room_010","Ya casi llegamos","Are We There Yet"
"TNRoomNames","Room_011","Farolillo rojo feliz","Wooden Spoon Winners"
"TNRoomNames","Room_012","Medalla de chocolate","Participation Trophy"
"TNRoomNames","Room_013","Los últimos serán primeros","Last Turtle Standing"
"TNRoomNames","Room_014","Cien metros lentos","Hundred Meter Crawl"
"TNRoomNames","Room_015","Foto finish a cámara lenta","Photo Finish Next Week"
"TNRoomNames","Room_016","Huevo y cuchara","Egg and Spoon Race"
"TNRoomNames","Room_017","Vuelta de honor","Lap of Luxury"
"TNRoomNames","Room_018","Calentando desde ayer","Warming Up Since Monday"
"TNRoomNames","Room_019","Corre y espera","Hurry Up and Wait"
"TNRoomNames","Room_020","Lenta como un rayo","Lightning in a Shell"
"TNRoomNames","Room_021","A toda tortuga","Full Throttle Turtle"
"TNRoomNames","Room_022","Sin prisa y sin ganas","No Hurry No Worry"
"TNRoomNames","Room_023","Maratón de siestas","Snooze Cruise"
"TNRoomNames","Room_024","Quien espera se tuesta","Good Tan Takes Time"
"TNRoomNames","Room_025","Más vale lenta que nunca","Better Slow Than Never"
"TNRoomNames","Room_026","Ni tortuga ni liebre","Neither Turtle nor Hare"
"TNRoomNames","Room_027","Tortuga que se duerme","Snooze You Lose"
"TNRoomNames","Room_028","Como el caballo del malo","Slow as Molasses"
"TNRoomNames","Room_029","Juan Salvador Tortuga","Jonathan Livingston Turtle"
"TNRoomNames","Room_030","Carpe siesta","Seas the Day"
"TNRoomNames","Room_031","La vida es siesta","Life Is a Beach"
"TNRoomNames","Room_032","Rodando nos entendemos","Roll Model"
"TNRoomNames","Room_033","Dando vueltas al asunto","Getting Round to It"
"TNRoomNames","Room_034","Que ruede la bola","Let the Good Shells Roll"
"TNRoomNames","Room_035","Hecha un ovillo","Ball Up Buttercup"
"TNRoomNames","Room_036","Encogida y contenta","Snug as a Shell"
"TNRoomNames","Room_037","Susto en el caparazón","Shell Shocked"
"TNRoomNames","Room_038","Sal de tu caparazón","Shell We Dance"
"TNRoomNames","Room_039","A ritmo de marea","Twist and Shell"
"TNRoomNames","Room_040","Tortugas tortolitas","Two Turtle Doves"
"TNRoomNames","Room_041","Club del cuello alto","Turtleneck Club"
"TNRoomNames","Room_042","Tortugas hasta el fondo","Turtles All the Way Down"
"TNRoomNames","Room_043","Tortugas mini, sueños maxi","Tiny Shells Big Dreams"
"TNRoomNames","Room_044","Patas arriba","Turn Turtle"
"TNRoomNames","Room_045","Trile de caparazones","Shell Game Champions"
"TNRoomNames","Room_046","Cucú tras, caparazón","Peekaboo Shell"
"TNRoomNames","Room_047","Pilla pilla lento","Slow-Mo Tag"
"TNRoomNames","Room_048","Un dos tres tortuguita","Red Light Green Turtle"
"TNRoomNames","Room_049","Asomando la cabeza","Stick Your Neck Out"
"TNRoomNames","Room_050","Aleteando como locas","Flipping Out"
"TNRoomNames","Room_051","Chapoteo a tope","Splish Splash Bash"
"TNRoomNames","Room_052","Tirarse al mar","Take the Plunge"
"TNRoomNames","Room_053","Al agua, patos","Water You Waiting For"
"TNRoomNames","Room_054","Huevos rotos de playa","Sunny Side Sand Up"
"TNRoomNames","Room_055","Nido dulce nido","Nest Sweet Nest"
"TNRoomNames","Room_056","Huevo duro de pelar","Tough Egg to Crack"
"TNRoomNames","Room_057","Los empollones del nido","Eggheads of the Nest"
"TNRoomNames","Room_058","La yema de la fiesta","The Yolk Is on You"
"TNRoomNames","Room_059","Atrápame si eclosiono","Hatch Me If You Can"
"TNRoomNames","Room_060","Feliz eclosión","Happy Hatch Day"
"TNRoomNames","Room_061","Cuidado con el huevo","Eggstra Careful"
"TNRoomNames","Room_062","Nos cascamos de risa","Crack Up Crew"
"TNRoomNames","Room_063","Caza del huevo playera","Sandy Egg Hunt"
"TNRoomNames","Room_064","Cava que te cava","Dig Deep for Eggs"
"TNRoomNames","Room_065","Tortuguita a bordo","Hatchling on Board"
"TNRoomNames","Room_066","Nido vacío, playa llena","Empty Nest Best"
"TNRoomNames","Room_067","Luna llena, nido lleno","Full Moon, Full Nest"
"TNRoomNames","Room_068","A la luz de la luna","Moonlight Hatchlings"
"TNRoomNames","Room_069","El huevo o la tortuga","Which Came First"
"TNRoomNames","Room_070","Solo en el nido","Nest Alone"
"TNRoomNames","Room_071","Tortilla de arena","Scrambled on the Sand"
"TNRoomNames","Room_072","Grandes eclosiones","Great Eggspectations"
"TNRoomNames","Room_073","Buscar un huevo en la arena","Needle in a Sandstack"
"TNRoomNames","Room_074","Granito a granito","Grain and Bear It"
"TNRoomNames","Room_075","Arena de otro costal","Different Kettle of Crabs"
"TNRoomNames","Room_076","Mucho ruido, poca arena","Much Ado About Dunes"
"TNRoomNames","Room_077","Arenas movedizas","Sinking Feeling"
"TNRoomNames","Room_078","Arena en el caparazón","Sandy Situation"
"TNRoomNames","Room_079","Todo lo que brilla es arena","All That Glitters Is Sand"
"TNRoomNames","Room_080","Hechos arena","Dead Beat Beach"
"TNRoomNames","Room_081","Huellas en la arena","Flipper Footprints"
"TNRoomNames","Room_082","Duna a la vista","Sand Ho"
"TNRoomNames","Room_083","Perdidos en la duna","Lost in Sandslation"
"TNRoomNames","Room_084","Ricitos de arena","Sandilocks"
"TNRoomNames","Room_085","Mi arena, mis normas","Sandbox Rules"
"TNRoomNames","Room_086","A ojo de buen cubero","Beach Ball Park"
"TNRoomNames","Room_087","Mar y duna","Surf and Turtle"
"TNRoomNames","Room_088","A contracorriente","Against the Grain"
"TNRoomNames","Room_089","Lo que la marea se llevó","Gone with the Tide"
"TNRoomNames","Room_090","Marea baja, moral alta","Low Tide, High Spirits"
"TNRoomNames","Room_091","Mar de risas","Sea You Later"
"TNRoomNames","Room_092","A merced de la marea","Tide Me Over"
"TNRoomNames","Room_093","Ola que va, ola que viene","In One Wave, Out the Other"
"TNRoomNames","Room_094","Con el agua al cuello","Head Above Water"
"TNRoomNames","Room_095","Viento en popa","Wind Beneath My Shell"
"TNRoomNames","Room_096","Llueve sobre mojado","Rain on My Beach Parade"
"TNRoomNames","Room_097","En la cresta de la ola","Hang Ten Slowly"
"TNRoomNames","Room_098","Marea y prejuicio","Tide and Prejudice"
"TNRoomNames","Room_099","Salir a flote","Staying Afloat"
"TNRoomNames","Room_100","Hay que mojarse","Get Your Flippers Wet"
"TNRoomNames","Room_101","Calma chicha","Calm Before the Splash"
"TNRoomNames","Room_102","Vaivén de mareas","Ebb and Flop"
"TNRoomNames","Room_103","Tormenta de ideas","Brainstorm Surge"
"TNRoomNames","Room_104","Chubasco de malas ideas","Pour Decisions"
"TNRoomNames","Room_105","Nublado con riesgo de caca","Gull Showers Expected"
"TNRoomNames","Room_106","Tormenta en un vaso de agua","Storm in a Bucket"
"TNRoomNames","Room_107","Rayos y centellas","Bolt from the Blue"
"TNRoomNames","Room_108","Playas borrascosas","Weathering Heights"
"TNRoomNames","Room_109","Mal tiempo, buen caparazón","Come Rain or Shell"
"TNRoomNames","Room_110","Camino de cangrejos","Crabby Road"
"TNRoomNames","Room_111","Pinza y pega","Pinch Me Quick"
"TNRoomNames","Room_112","Ermitaño con vistas","Hermit with a View"
"TNRoomNames","Room_113","Pinzas y a correr","Claws for Alarm"
"TNRoomNames","Room_114","Rojo como un cangrejo","Red as a Lobster"
"TNRoomNames","Room_115","Cada cangrejo a su roca","Every Crab for Itself"
"TNRoomNames","Room_116","Piedra, papel o pinza","Rock Paper Claws"
"TNRoomNames","Room_117","Cangrejo talla XXL","Extra Large and Crabby"
"TNRoomNames","Room_118","Bailando de lado","Sideways Shuffle"
"TNRoomNames","Room_119","Sujétame el alga","Hold My Seaweed"
"TNRoomNames","Room_120","Agarrar al cangrejo","Grab the Crab"
"TNRoomNames","Room_121","Entre la marea y la roca","Between a Rock and a Crab"
"TNRoomNames","Room_122","Meter la aleta","Flipper in Mouth"
"TNRoomNames","Room_123","Coraza fuera, corazón dentro","Tough Shell Soft Heart"
"TNRoomNames","Room_124","Adiós, mi bocata","Chip Off the Old Gull"
"TNRoomNames","Room_125","Once gaviotas y un botín","Gulls Eleven"
"TNRoomNames","Room_126","Ojo con lo que cae","Poop Deck Party"
"TNRoomNames","Room_127","La gaviota contraataca","The Gull Strikes Back"
"TNRoomNames","Room_128","Gaviotas de ida y vuelta","Gullible Travels"
"TNRoomNames","Room_129","Cacas voladoras","Splat Attack"
"TNRoomNames","Room_130","Cabeza de chorlito","Bird Brain Beach"
"TNRoomNames","Room_131","Ladrones de bocatas","Sandwich Snatchers"
"TNRoomNames","Room_132","El rastro de migas","Hansel and Gullet"
"TNRoomNames","Room_133","Caparazoncita Roja","Little Red Riding Shell"
"TNRoomNames","Room_134","La bolsa o la vida","Pouch or Your Life"
"TNRoomNames","Room_135","Pico y pala","Beak to the Future"
"TNRoomNames","Room_136","Pelícano sin dieta","Pouch Potato"
"TNRoomNames","Room_137","Pico, pico, pelícano","Duck Duck Pelican"
"TNRoomNames","Room_138","Cierra el pico","Beak It Up"
"TNRoomNames","Room_139","Pulpo fiction","Octopulp Fiction"
"TNRoomNames","Room_140","Choca esos ocho","High Eight"
"TNRoomNames","Room_141","Armado hasta las ventosas","Armed to the Suckers"
"TNRoomNames","Room_142","Espectáculo de tentáculos","Tentacle Spectacle"
"TNRoomNames","Room_143","Pulpo en un garaje","Octopus Buying Gloves"
"TNRoomNames","Room_144","Fiesta en la poza","Tide Pool Party"
"TNRoomNames","Room_145","Échame una mano, o ocho","Lend Me a Hand or Eight"
"TNRoomNames","Room_146","Algas al gusto","Kelp Yourself"
"TNRoomNames","Room_147","Algo de algas","Kelp Wanted"
"TNRoomNames","Room_148","Mercadillo de pulgas","Flea Market Beach"
"TNRoomNames","Room_149","Pulga detrás de la oreja","Flea to Meet You"
"TNRoomNames","Room_150","Un día de malas pulgas","Bad Flea Day"
"TNRoomNames","Room_151","De salto en salto","Hop to It"
"TNRoomNames","Room_152","Lagartos tomando el sol","Lounge Lizards"
"TNRoomNames","Room_153","Ni idea, iguana","Iguana Have Fun"
"TNRoomNames","Room_154","Lagarto, fuera de mi toalla","Gecko Out of Here"
"TNRoomNames","Room_155","Sangre fría, playa caliente","Cold Blooded Beach Bums"
"TNRoomNames","Room_156","Lagarto, lagarto","Knock on Driftwood"
"TNRoomNames","Room_157","Trampolín de gelatina","Jelly Jump Street"
"TNRoomNames","Room_158","Medusa botarate","Jelly Good Fellow"
"TNRoomNames","Room_159","A otra cosa, medusa","Bounce Back Jelly"
"TNRoomNames","Room_160","Mi castillo es tu castillo","Home Is Where the Moat Is"
"TNRoomNames","Room_161","Castillo de arena mojada","Fort Knock Down"
"TNRoomNames","Room_162","Se busca foso","Moat Wanted"
"TNRoomNames","Room_163","Caballeros del cubo","Knight in Sandy Armor"
"TNRoomNames","Room_164","La gran muralla de arena","Great Wall of Sand"
"TNRoomNames","Room_165","Con la casa a cuestas","Home Is Where the Shell Is"
"TNRoomNames","Room_166","Mira qué botín","Loot at That"
"TNRoomNames","Room_167","Una X en la arena","X Marks the Shell"
"TNRoomNames","Room_168","Cofre y cuenta nueva","Treasure Chest Bump"
"TNRoomNames","Room_169","Ábrete, cofre","Open Says Me"
"TNRoomNames","Room_170","Cofres a tutiplén","Chests Galore"
"TNRoomNames","Room_171","Sombrilla voladora","Throwing Shade"
"TNRoomNames","Room_172","Crema, que te quemas","Sunscreen Dream Team"
"TNRoomNames","Room_173","Chancletas al ataque","Flip Flop Frenzy"
"TNRoomNames","Room_174","Tumbados a la bartola","Deck Chair Legends"
"TNRoomNames","Room_175","Helado derretido","Ice Cream Meltdown"
"TNRoomNames","Room_176","Salvados por el flotador","Saved by the Buoy"
"TNRoomNames","Room_177","El señor de los flotadores","Lord of the Swim Rings"
"TNRoomNames","Room_178","Cubo y pala, gran gala","Bucket and Spade Parade"
"TNRoomNames","Room_179","Llueve a cubos","Bucketing Down"
"TNRoomNames","Room_180","La gota que colmó el cubo","The Last Straw Hat"
"TNRoomNames","Room_181","Infierno de toallas","Towelling Inferno"
"TNRoomNames","Room_182","Vaya toalla","Holy Terrycloth"
"TNRoomNames","Room_183","Muy guay para el nido","Too Cool for Shell"
"TNRoomNames","Room_184","Vigilantes de la playa","Bay Watch Out"
"TNRoomNames","Room_185","Sardinas en toalla","Packed Like Sardines"
"TNRoomNames","Room_186","El cuñado con sombrilla","Know It All Uncle"
"TNRoomNames","Room_187","Marineros de agua dulce","Landlubbers Anonymous"
"TNRoomNames","Room_188","Tostados al sol","Basking in Glory"
"TNRoomNames","Room_189","Chiringuito sin prisa","No Hurry Beach Bar"
"TNRoomNames","Room_190","El chiringuito del náufrago","The Castaway Cafe"
"TNRoomNames","Room_191","Bar la sombrilla rota","The Busted Brolly"
"TNRoomNames","Room_192","Bar marea alta","High Tide Tavern"
"TNRoomNames","Room_193","Bar pinza perdida","The Lost Claw Diner"
"TNRoomNames","Room_194","Bar ostras felices","Happy Clam Bar"
"TNRoomNames","Room_195","El último helado","The Last Scoop Shack"
"TNRoomNames","Room_196","La paella lleva arena","Extra Crunchy Paella"
"TNRoomNames","Room_197","Carga, apunta, tortuga","Ready Aim Turtle"
"TNRoomNames","Room_198","Catapulta y a ver qué pasa","A Fling and a Prayer"
"TNRoomNames","Room_199","Cuando las tortugas vuelen","When Turtles Fly"
"TNRoomNames","Room_200","Aterrizaje forzoso","Splash Landing"
"TNRoomNames","Room_201","Bomba al agua","Cannonball Craze"
"TNRoomNames","Room_202","Tortugas con alas","Winging It"
"TNRoomNames","Room_203","Al filo del acantilado","On the Edge of Your Shell"
"TNRoomNames","Room_204","Colgados del acantilado","Cliffhanger Turtles"
"TNRoomNames","Room_205","Panzada final","Belly Flop Finale"
"TNRoomNames","Room_206","Salto con tirabuzón","Dive Bomb Diva"
"TNRoomNames","Room_207","Agua va","Look Out Below"
"TNRoomNames","Room_208","Todos al agua","Last Stop Splash"
"TNRoomNames","Room_209","El gran chapuzón","The Big Dipper"
"TNRoomNames","Room_210","El último, para el gusano","Last One In Is Worm Food"
"TNRoomNames","Room_211","Mucho gusano","Worm Regards"
"TNRoomNames","Room_212","El gusano tiene hambre","A Worm Welcome"
"TNRoomNames","Room_213","Piratas del caparazón","Pirates of the Carapace"
"TNRoomNames","Room_214","Yo, ho, ho y un cubo","Yo Ho Ho and a Bucket"
"TNRoomNames","Room_215","A sus órdenes, capitana","Aye Aye Captain Shell"
"TNRoomNames","Room_216","La bella siestera","Snoozing Beauty"
"TNRoomNames","Room_217","El patito flotador","The Ugly Duckling Float"
"TNRoomNames","Room_218","La liebre ha vuelto","Return of the Hare"
"TNRoomNames","Room_219","La vieja tortuga y el mar","The Old Turtle and the Sea"
"TNRoomNames","Room_220","Con toallas y a lo loco","Some Like It Salty"
"TNRoomNames","Room_221","Con el norte perdido","Compass Confusion"
"TNRoomNames","Room_222","Cabeza dentro, mundo fuera","Head in the Sand"
"TNRoomNames","Room_223","Cada uno a su bola","Roll Your Own Way"
"TNRoomNames","Room_224","Aleta con aleta","Hand in Flipper"
"TNRoomNames","Room_225","Cabeza o cola","Heads or Tails"
"TNRoomNames","Room_226","Tortugas tunantes","Terrific Terrapins"
"TNRoomNames","Room_227","No mover ni una aleta","Not Lifting a Flipper"
"TNRoomNames","Room_228","Sin decir ni glub","Bubble Trouble"
"TNRoomNames","Room_229","Fiesta de espuma","Sea Foam Party"
"TNRoomNames","Room_230","Mensaje en un caparazón","Message in a Shell"
"TNRoomNames","Room_231","Punto por punto","Connect the Dots"
"TNRoomNames","Room_232","Fiesta de lunares","Polka Dot Party"
"TNRoomNames","Room_233","Puntos de vista","Spot On Shells"
"TNRoomNames","Room_234","Tortuga en un aprieto","Turtle in a Pickle"
"TNRoomNames","Room_235","Cuento de nunca llegar","The Neverending Crawl"
"TNRoomNames","Room_236","Mi media naranja","My Better Half Shell"
"TNRoomNames","Room_237","Velocidad: tortuga","Speed Limit Zero"
"TNRoomNames","Room_238","Mañana eclosiono","Hatching Tomorrow"
"TNRoomNames","Room_239","Tengo prisa, pero poca","Mildly in a Hurry"
"TNRoomNames","Room_240","A mi ritmo","Own Pace Race"
"TNRoomNames","Room_241","Arena que quema","Hot Sand Hop"
